Symbol,Mint,Entry Time (IST),Close Time (IST),Hold Time,Entry Price ($),Exit Price ($),Size (SOL),Realized PNL (SOL),PNL %,TP1 Hit,TP2 Hit,Close Reason,TX Signature
"DNA","Fit5gCegUgNfgtSTUheRT2tjtb6ZBLKFkqx1Fxrcpump","10 Jun, 08:45 pm","10 Jun, 08:49 pm","4m","0.00003832","0.00002522","0.1","-0.034186","-34.19","No","No","Staged SL: -34% from peak (2-10m)","bwoLcHdWVkLQ8bdUjGhSvoWML7XLRyge564hwvEk6DkmG2F3n6hyLtt7MPBPfnswjpqWZ9749LPv59htTVFM9Zg"
"STARGRACE","DbLJCVA8f2Bi2UvKCW35kVACAMBhU4Hr8mfcDX95pump","10 Jun, 08:48 pm","10 Jun, 08:49 pm","50s","0.00004825","0.00003093","0.1","-0.035896","-35.90","No","No","Staged SL: -36% in first 2m","3rTXNpW1PTX5LqzYrXGFwaGTiXxrA3dVuxmey1MzyvycNkMP8TGDgbQp4EJDSMPrvZgmgX1gPmcy7UQpwsg8GmhU"
"LIV","DADiWtpDyYGzxdXG1VH6m83aRro8FYvHwE3DuwfKek86","10 Jun, 08:39 pm","10 Jun, 08:39 pm","37s","0.00002882","0.000009368","0.1","-0.067495","-67.49","No","No","Staged SL: -67% in first 2m","5BEfV1QRutmgG9PaJFaYf7nKxbWag9GGET6McubZjdB7RD4759CdJh9BvB4CiFtk4eXuwHEiBQrZNrhYgV86hkst"
"Unredacted","A8EfKafJtWC6N88c98d8bU6d5CBDZUhxZfJbHYCPpump","10 Jun, 08:28 pm","10 Jun, 08:30 pm","1m","0.00002182","0.00001416","0.1","-0.035105","-35.11","No","No","Staged SL: -35% in first 2m","2YkC4Pc5zDWTh33wgiLnHhYMfQvpegNCfs2DvZEFn4pmimfhB3Lusgbz4cnjWT4DMAvutCH6u7hhHkCgoCtReUQT"
"ELON","CjPQWERUR6pp4CUoaM7U2DXEheJwHGTb94NwnsHxpump","10 Jun, 08:17 pm","10 Jun, 08:18 pm","1m","0.00003903","0.000009668","0.1","-0.075229","-75.23","No","No","Staged SL: -75% in first 2m","5rzQHsMXsnv71JsHk45RShZ9PBSsV6UQVS2T21Ld3DXsZg8hPAYaRdUTwNjs4iyyfLA8sycZgvXpfJaDYABM71Sf"
"YZYB","YZYbAx6GokTodmzgXLXMZuWU5RkdB9tFXAzaDuqVBNK","10 Jun, 08:11 pm","10 Jun, 08:19 pm","8m","0.00002637","0.00002293","0.1","-0.013045","-13.05","No","No","Staged SL: -35% from peak (2-10m)","3jVw2RHAcgyjKc5GwgMCtNp9pLuMxkftAM38tYY3ppLuxq2fUYgaXywwG8wLqoTKhUKfjuR1HbnbPVf41N4QgfJu"
"ELON","8fiegpuKk3YqtSERRvrheDU5ryTZeZzGynkRfK5zpump","10 Jun, 08:05 pm","10 Jun, 08:05 pm","29s","0.00006031","0.00004718","0.1","-0.021771","-21.77","No","No","Staged SL: -22% in first 2m","3hmH8uqhp2txnCjPL62D29FYFAXTTqEsUKAa7UmhP13FbrwqUvBP84SsQVifb7LZNrvEPAqvHqP7EHCURNXAER1G"
"ELON","6Bgyhq65EXBcDBdk3j3RRRdZsyhDmeEcjsgzDxXDpump","10 Jun, 08:02 pm","10 Jun, 08:03 pm","1m","0.00003293","0.00002184","0.1","-0.033677","-33.68","No","No","Staged SL: -34% in first 2m","5puuYTxeQruKYooFMqcttVoFRpsibNg2SkswgvBRDBQ56sEQUduTWmUPh4Ac4jVLjaTNMfjs7LcxJUcC7adAPxeg"
"PUP","95LqAprdEk9eMtyjrXoVXWLFqLWx3FY5uqYYt4dQpump","10 Jun, 07:45 pm","10 Jun, 08:07 pm","22m","0.00005742","0.00007221","0.1","0.025758","25.76","No","No","Staged SL: -32% from peak (>10m)","3fx2UiM6Ch1peKnb7oXGSjgCfaXYJYqgiQ5qnRUNcAetnQJvf1Q86UuTf8r7ZPZdQ1iwMMh7eXpGgxa3vwjwy2ec"
"EMBER","7RHxQQUWG9fCskqocSV9zPkWPLJqcceWTcUCjnwMpump","10 Jun, 07:41 pm","10 Jun, 08:05 pm","23m","0.00002405","0.00002347","0.1","-0.002412","-2.41","No","No","Staged SL: -30% from peak (>10m)","zjmd5RaWx4sRPrKhMa5zxgpJ65EiCoZQxb4Yce3bGGuu4wizLw5XoJg8rhNqFGaZWdL3qyYTf3GuQ3se9DamWXy"
"Fine","BTemb61PZXSU7zHaNAcSRVcRHhDHWDUYYmNKsCXLpump","10 Jun, 07:41 pm","10 Jun, 07:41 pm","27s","0.00006353","0.00004799","0.1","-0.024461","-24.46","No","No","Staged SL: -24% in first 2m","3fruWc3mtAifdMYmEipPUwUmtPrsqacXEg3CwyDXHY6K1FsMxef5aojSuJ4G9tGu95sjSEi8uNWAV5WBJBzzckdq"
"SCAPE","xyUziaZj283Yn4WhfuLPsbr31o9FvVu6XypJDaoY7Ch","10 Jun, 07:39 pm","10 Jun, 07:52 pm","13m","0.00002441","0.00004676","0.1","0.118288","118.29","Yes","No","Staged SL: -50% from TP1 peak","3UBaJrZJKo8BbZaBRUT2yNHz2La3dKqyZ4YCGnfQGXfXExm4cXXTrPkwesJASd2DmBchNzfSaF7QUMxLq8GdGiRT"
"Kolcoin","7s6z26DUbxcvKi23dFHPwE2QDGUumDd7ZiUaivuFpump","10 Jun, 07:33 pm","10 Jun, 07:37 pm","4m","0.00002234","0.00001815","0.1","-0.018756","-18.76","No","No","Staged SL: -30% from peak (2-10m)","4yawowDX7Poa6Dw78Se9SVEMxC28sUz9CnXVKsi59M4jheStvamRd5jfbC489qLiBFgT56Psv2cpjjmTxkTDzNuj"
"Bagachu","2gB4ytQos9dphSGF9YDC6SpoTNu1PeqX6FSGzBvopump","10 Jun, 07:26 pm","10 Jun, 07:32 pm","5m","0.00002728","0.00002597","0.1","-0.004802","-4.80","No","No","Staged SL: -36% from peak (2-10m)","3rttD6cCzaqFGKxcu95ARXWUiezTyGEBjMMYFwYxC7J1AmrxU6L9ptJPr84yAz2wD7X8osquRgqGUX1jym4jiWEP"
"Immigration","7KTMMhNjKw5PhA1pVfMcDr9iBivQBdU3jkKZwSEPpump","10 Jun, 07:16 pm","10 Jun, 07:17 pm","55s","0.00002524","0.00001819","0.1","-0.027932","-27.93","No","No","Staged SL: -28% in first 2m","5j1eQ6yLvv4VUK2h7hyar7gVLae1k3TCifV7S7LhAdcskJ3gCDfyiFPDW7g4wZo1D1V2uQbmWQFDGDyXnmSjWy9G"
"ΣΤ𐍉𐍈","D4mbUZFRnwSWzq7C1sR5jgBb7UHms9fVJq5BceZNpump","10 Jun, 06:54 pm","10 Jun, 07:02 pm","8m","0.00002566","0.00002877","0.1","0.012120","12.12","No","No","Staged SL: -27% from peak (2-10m)","61iNzp7MUn64doASMBoYQvNwfYFgwPwo8ykvpLKFWoGxnZkndhvvkwJX82t9S6KNbzpcySAA225NfQrZCDs2K5bX"
"HNAT","ELxLnD47aNmqcwUn6KC7pUPmDxWsdyxeVGjJe2zQpump","10 Jun, 06:54 pm","10 Jun, 06:56 pm","2m","0.000019","0.00001674","0.1","-0.011895","-11.89","No","No","Staged SL: -28% from peak (2-10m)","26fVGMqGS1scZ47TejJxiFsatWerhvs6p8CUhidg4JvXbyGB14XmdZdmkFbiBFKKS7zhs9wEWyGWQBgVC1yh5HPk"
"HOARD","D3NJzpkfr8Nh5S4WDXXkFsh9hn5qExsHnoj8ra71pump","10 Jun, 06:53 pm","10 Jun, 07:08 pm","15m","0.00002637","0.00002385","0.1","-0.009556","-9.56","No","No","Staged SL: -31% from peak (>10m)","vUbrjj5v6K7CVS31QP8XiyaJXAqJrfeEK72GmKrvSbuyLgBdEmqKbE6ZpduMscvY5FrMwzxYeCrajfxbFzM8zeo"
"Brötchen","6vcMitr3itPTTGDDBMCwgEMZD167SJgTk8hkvYdqpump","10 Jun, 06:45 pm","10 Jun, 06:50 pm","5m","0.00002259","0.00002114","0.1","-0.006419","-6.42","No","No","Staged SL: -26% from peak (2-10m)","2DrmP8B95yBQqwKGBHRm9jWgmMbgi73tzFDy8wxE2pUXKsf3hCtfx5QLJyBPN1d6pFb8xoSu22TrpTMBffyH11GZ"
"Manga","L4hJsukRLxXcR7rHRsCTtwoZydFQDH621Bx1jvJpump","10 Jun, 06:36 pm","10 Jun, 06:54 pm","18m","0.00002389","0.00003307","0.1","0.038426","38.43","No","No","Staged SL: -32% from peak (>10m)","5uAy2WYx2sueEv76NQj8dhHdt3m4zh4aQVXTmpYMiXAvviusMchQEQnRWquud9ZHzmixrE12FCzBUZTonjJzbJ1d"
"SALT","Hg45Qr91T5ekze7Rog4buMU3MbzTMzN7LCnjptbjnYXG","10 Jun, 06:10 pm","10 Jun, 06:19 pm","8m","0.00004828","0.00007171","0.1","0.048529","48.53","No","No","Staged SL: -36% from peak (2-10m)","5HvHwqoofG5gg8vVsvSMpvSop1h5hrq7naEXXD2gVvHqNkfV11BsXJmjR5P1VwFQAypTgvXV7aFQVdvWhhGCLWJK"
"BULLANA","2jTu3hNwPaPHSHN4yiBjWFhtSnNWAwoe7hR6dnbYpump","10 Jun, 06:07 pm","10 Jun, 06:08 pm","1m","0.0000118","0.00002404","0.1","0.149017","149.02","Yes","No","Staged SL: -36% from TP1 peak","2NchrGgcfahR1Pzp9TogcozrKi82UvtooqSDJcxdhBgLPwirqzGYLm8o5QsCvtU7aE6aBsNUEyjgCNCpxJtVJCa1"
"$WCUP","5mVMJLBq1ebxwWuSZMzzk8CzsMSHkCD9dELeDntRpump","10 Jun, 06:07 pm","10 Jun, 06:24 pm","17m","0.00002641","0.00001996","0.1","-0.024423","-24.42","No","No","Staged SL: -39% from peak (>10m)","63TDVzeSfCEaEK1tNVsEGqk1EuAWAXKdcYVqxh9iTkpGEeKNq3StLiKXwvVtZxTip1ADe2fNuPiJ3QaXDfQLEFXs"
"memecoins","5AgqNjdZ87e5zQomdSEMHphtdd9stnPSgGHMbkv6pump","10 Jun, 06:03 pm","10 Jun, 06:28 pm","25m","0.00003234","0.0001126","0.1","0.276945","276.94","Yes","Yes","Trailing Stop (runner)","4NisMJkec25hhinHoNwMZpvQYQePT8WzcNXUjNjRirkjCmUVocP1UX4zwHa6pXZfYQt23vnwZYvcQfroVJBkLoiV"
"Kilocorn","D7HeqB98JzrhgkWPwnwrBLBZYCfVCJ2C6HC3BVG5pump","10 Jun, 05:59 pm","10 Jun, 05:59 pm","43s","0.00001875","0.00001487","0.1","-0.020693","-20.69","No","No","Staged SL: -21% in first 2m","35XCG9MFhTF1fNoVbfsTmNUkkYb3DKcgNeheiW57rBfJWkTFu4fqNYUThMx2S8ePEPsSdYwTHdwAqpK48ZU8jbbh"
"Manga","6kr35dzgFjYoy9vCtpRWz9vAqGyc7tavuuHsYT3xpump","10 Jun, 05:57 pm","10 Jun, 05:58 pm","1m","0.0000191","0.000001482","0.1","-0.092241","-92.24","No","No","Liquidity Rug: -81% in 30s","4BEHuv4D8V4q6SookP5LkuCeSK8cbeL9LzCxKmiQ4P3vkXvyaUxWUWwqobfK76WGfRvBAC8cXg4kF1YF9HcVE3h4"
"WIF","CdCDJjCjN8rujJxuHby6M3i44mHoQsacMdGy9i1jpump","10 Jun, 05:55 pm","10 Jun, 05:56 pm","44s","0.00005825","0.00004587","0.1","-0.021253","-21.25","No","No","Staged SL: -21% in first 2m","2vBrdHfujzXPT9zaT7tTybQWjsGAF22kZfbAhmtQVHmBcRaySVjHe4HDuVcbmCdnEJGYTesejgPgxi5KFV1xzsjh"
"Teracorn","GsMGZxCUbc2wvVVmFL4SaDgLKBAbnrkbU6S49MkFpump","10 Jun, 05:49 pm","10 Jun, 05:54 pm","4m","0.00002121","0.00001908","0.1","-0.010042","-10.04","No","No","Staged SL: -31% from peak (2-10m)","3fFvknhURNuP1bY5v5WB6DJSmzccwQNmLjq5TGUYaigfoB9qiPJiEAPsT8JSgBzFp3yLvna6NzhzSayZ9kYtvHrP"
"CYBER","7J5pp54YwSNhqungZUWvojgGB7ws3WihkXMUiq1ipump","10 Jun, 05:41 pm","10 Jun, 06:01 pm","20m","0.00002567","0.00003838","0.1","0.049513","49.51","No","No","Staged SL: -32% from peak (>10m)","35YNKmLqfAh2K2HLL9dUNqdndaZ8yhFM5CFhMK5MutmJunvT3SRTSit6uFYcqPGJEJjsW95BDxmP9Ct3TMn5seRx"
"ROS","GHHkHZpXu2CUqKirNnAR9NhjDPftP1QiojrFiM9Zpump","10 Jun, 04:52 pm","10 Jun, 05:00 pm","7m","0.0000245","0.00002207","0.1","-0.009918","-9.92","No","No","Staged SL: -39% from peak (2-10m)","4PzgFYPK6wbjpCA1UAwMxGR5nNm4K7dihAr1fb7CPhK2DVhzuMPDwUFKyZpWcu2DCfDp28ZTeddJKdx9BFNGMqGr"
"CRYPTO","XUuqffce1wPzFkixHN6P5zAVhaLoKCQkrqgqvEGpump","10 Jun, 04:17 pm","10 Jun, 06:18 pm","2h 0m","0.0000261","0.0000261","0.1","0.000000","0.00","No","No","Dead — No Momentum","4VP6bD9zh9t1wXGDNgbBx8mBroav9FBvYSix2D1nLTvzokSNethFtbKy82vpGE2fQugYAiD7tpdEUJJLXFZPantS"
"AURA","BFBwDbNpf5QponVJyaAGFpKPiCXnbtuXqGWzugHzpump","10 Jun, 04:09 pm","10 Jun, 04:28 pm","18m","0.00002525","0.00001875","0.1","-0.025743","-25.74","No","No","Staged SL: -37% from peak (>10m)","3wnDzdePUFaEgVfpxKHoz5BH2KRbLdMudc9bG2hBxDxRsGww3g5ePdkvDoHxUcYaCXbriVzmKDE8hsaK1qj1ALHU"
"MMG","An9cGvL6bHtWHDdtgpt7CQd9byMpPg7TpnFWofgLpump","10 Jun, 04:01 pm","10 Jun, 04:06 pm","4m","0.00002292","0.0000302","0.1","0.031763","31.76","No","No","Staged SL: -28% from peak (2-10m)","2Ly9e6prPNqDG2uG39XGWiQ275pyiEzRDjn3soSHygYoZxxR4nGzMPmNWiABUugrqz4nWanN9KFqJDbLy9vSgbRF"
"ANTE","AtJ351dUKdWz8MP1pQCK5UxyVqdkjyr61vXCgegQpump","10 Jun, 03:59 pm","10 Jun, 04:10 pm","11m","0.00002521","0.00004281","0.1","0.106132","106.13","Yes","No","Staged SL: -35% from TP1 peak","4Yu2dE9sRxF8pgoTCjXrmxoffsD8McYe2U27tit4fw9Wuyn6Q3JSfsgg39avASv9yULMtq6UAYWkYXWV9sAqsFPX"
"MILLIONS","GhgKfbpijHPLau49GnJaMe2CetR5STqnr7MfVNNopump","10 Jun, 03:55 pm","10 Jun, 03:58 pm","3m","0.00002419","0.00003289","0.1","0.035965","35.97","No","No","Staged SL: -27% from peak (2-10m)","39YidafV3YqmYLbwRwzQQwckWNGNU4nCBpZjpwySbfLp1E8u3X5XKAkN7kPtB9fgTXqrRzzJCNJgdCT2Sk3Db54v"
"Brötchen","9ZtbETDNjnST9Y2zs82FZYy49xUMPgqXRh46YjjRpump","10 Jun, 03:52 pm","10 Jun, 04:01 pm","9m","0.00005692","0.00004462","0.1","-0.021609","-21.61","No","No","Staged SL: -28% from peak (2-10m)","5STJUbmfokgMx14FfoEUyZX7TpYZoZj5qQZsAaShhyP7XwtnJtvAj7Z1rwbiE9bLmrEWuv47eok8SuHWARr4w91g"
"Jotchua","GjqNcBeRP1mWHzyZHTUV4RZjmegq9GimpqdYEuS4pump","10 Jun, 03:46 pm","10 Jun, 05:47 pm","2h 0m","0.00002605","0.00002605","0.1","0.000000","0.00","No","No","Dead — No Momentum","35YLAwmL7zjP9TiJnfosHbfzh9gtkinpfeUdRFm7XJxhjAVo6A7cUBjCPnjgLs1vbMBs9CtNWrVbtQKS4VGMnKZU"
"Ansem","5p4akERzyhwqgVSdHTTLpN61zRbQZsZmnwxX5JRFpump","10 Jun, 03:43 pm","10 Jun, 03:47 pm","4m","0.00002217","0.00001668","0.1","-0.024763","-24.76","No","No","Staged SL: -28% from peak (2-10m)","5BDqdBTnyJ7T5wkiY6QAEQTbn9pTwgFwMYxqaQvHPHo66pnfBPMmQ2MTEBDuK522Tt9tqbJ92VN5WGpiAv7cawaT"
"IAGIHBA","4Wsi7rzbtjaycNTJgs5rnGoqmHchdsdUFqMiMSh8pump","10 Jun, 03:37 pm","10 Jun, 03:39 pm","1m","0.0000228","0.00001398","0.1","-0.038684","-38.68","No","No","Staged SL: -39% in first 2m","2voKMsZjRnB62bLPfLAcHvsVyG77g82b4YiN46crDDi4kqd6KumbCY6WdXoUnafRSnLFW2cEN1PXD9mtJcBgMjcW"
"PUMPANTI","KaCErfqzdZJ62w35WkrfHefnwYhNRNEVdLps5Gspump","10 Jun, 03:37 pm","10 Jun, 03:37 pm","5s","0.00001611","0.000001199","0.1","-0.092557","-92.56","No","No","Staged SL: -93% in first 2m","4X2kckMyGZbA54Zws7vERxPFPfRiJpVWH4xfKAke3uXWb7SwvRX5Zy9TM7u6XQoSHQEhPm5Y7sbPgn5rY57kf4tp"
"STORE","A6nmEt8wKu43msNGhpWBjAjXcxEkT842S9LvtWa4pump","10 Jun, 03:04 pm","10 Jun, 03:07 pm","2m","0.00002158","0.000008172","0.1","-0.062132","-62.13","No","No","Staged SL: -69% from peak (2-10m)","6dGghtMFKA96Uz4SoWVGnkPaD1XaMKFEfo8zTkNFH5UeQU23AV64CFp5AHX2sQ2Psb9hacHjsf4veo9qBMExMkN"
"STORE","14XEn3jXunfGXL6S97VVyqDMEzvjwVQUzCqts4Repump","10 Jun, 03:02 pm","10 Jun, 03:05 pm","2m","0.0000303","0.00003432","0.1","0.013267","13.27","No","No","Staged SL: -35% from peak (2-10m)","57gQzKgHr9NhVuDegAU5dTE4QGQjakyC3bxhm3WwBm8dzuBMK7EiVN9MUGpoEum3Zd6K5cCz8SAwWtJ68DEUQFhW"
"Wallace","97bMMJD7ev3eZzyBgHLpacpNSDWH9Vrke6gBE6p6pump","10 Jun, 02:55 pm","10 Jun, 03:08 pm","12m","0.00002425","0.00001934","0.1","-0.020247","-20.25","No","No","Staged SL: -34% from peak (>10m)","5X2W6oPBJTdxn6SVfLVU75rXJYt2bqDEURvhnc3ceQ2sv2rUvLo8Do1m2EtmRtZ1nH8vpK95AiRPPTbcHcuNZ4zX"
"WORTHLESS","HZZCEMtpeyYHNUCAiJRL1iSzu5w4ja1ACBKcDiFGpump","10 Jun, 02:46 pm","10 Jun, 02:50 pm","4m","0.00002488","0.00001959","0.1","-0.021262","-21.26","No","No","Staged SL: -26% from peak (2-10m)","2kL4sCbbYVZE16aAGEZy8F7FQ63KHs9kFCjtLyTj6C8J2nAPcEv3iRVortqskcLvAESJ8juFtxezwQKmPdFpDsVR"
"SOLFC","ET8kG3dbefg7uwqY4d4GGhkwvNmBdvBqf5UcvVERpump","10 Jun, 02:46 pm","10 Jun, 02:49 pm","2m","0.00002721","0.0000284","0.1","0.004373","4.37","No","No","Staged SL: -27% from peak (2-10m)","kQLvC4Je7EW6bGfTfXUnuauWZmDmVAeKY1Euj7vnSwVnMt1RiJqvMKkQUV5CxLUMknLnr8EWWxWhyqcmkHnzuFG"
"GOL","H5PZ4eF21iQo9QxPwyHbMsCY4u25gcmUNUjHp9ivpump","10 Jun, 02:13 pm","10 Jun, 02:47 pm","34m","0.00003025","0.00002353","0.1","-0.022215","-22.21","No","No","Staged SL: -38% from peak (>10m)","2k83msvUFYt4YSKnLjZcKRn5u2UerRKVpvrGy9waQvbtRk4T6S9tanqjTFft63ye3agn7sTzT7JJ9N6gE4mRmYj1"
"COLLECTOR","7AnojH8Ua97AMc86HbwHkm8envARFWhXES5YX78Xpump","10 Jun, 02:06 pm","10 Jun, 02:34 pm","27m","0.00001749","0.0002667","0.1","0.626884","626.88","Yes","Yes","Trailing Stop (runner)","2hFmrRv2a6oifW17NVuA7BSs18vka2uB4fT7z65Sj6Q2UXC9gWjoWQrgmk7rj6uzzhXKCtN6yB9no4rXdsET5goz"
"Jimmy","A4ST3hBvL8TSjBPveX6AN2HD9TdbzQJgCHz2xoXKpump","10 Jun, 01:40 pm","10 Jun, 01:45 pm","4m","0.00002898","0.00003734","0.1","0.028847","28.85","No","No","Staged SL: -40% from peak (2-10m)","65DXSFUP49tdp6sQv9rZSmieDcUmwYvQdgssYxfmr7DaB1U9jM8z2wsS1jBNCSPR3BnAWnVuDXC1UXEatwyarRJG"
"Gaejuki","N6eU449D2dRmi7q9ZBvtDZLZb8jk9wMjYtmpxKcpump","10 Jun, 01:17 pm","10 Jun, 01:23 pm","6m","0.00004305","0.000001699","0.1","-0.096053","-96.05","No","No","Staged SL: -97% from peak (2-10m)","63gDLHd8EBmQcMV3pcHQyBteammv6quPrj1vdkjV4BCtVWrrwQsDeTEpcWQDWAYVPNfjQ8A4tqWTb4m6UENByZ6b"
"SHABANI","9CYaxA6hzTtZwuHv5QjXZLPLRbtFZvfDBPzW8a1dpump","10 Jun, 12:54 pm","10 Jun, 12:58 pm","3m","0.00002301","0.00002234","0.1","-0.002912","-2.91","No","No","Staged SL: -27% from peak (2-10m)","3RzJFPTXwWEa4EEzYtWy6CTWy5BG27kwkuxQQBM1Q2tsFZYCfBim8xkxyDkrRShaXz8WZNJx2fWud739N3Pupgvw"
"Gaejuki","EWYXDiVDakD1fMnGn3rP3Qr6sMPsLYrUSXeF1NzUpump","10 Jun, 12:23 pm","10 Jun, 12:32 pm","8m","0.00001493","0.000001485","0.1","0.005968","5.97","Yes","No","Staged SL: -97% from TP1 peak","5oveX1hSjtkRmtxx8aswfHLqWwQWGsnMDRrNiPgnPJJvs4wW1VRR2YxmDSeYb1TfX92xhosjj7wLr3ugqdWiG4CR"
"Fartcoin","86XgDfRD6jUst5d5yJshDbpSM4Hh4nBcPPf12H8gpump","10 Jun, 11:26 am","10 Jun, 11:32 am","5m","0.00005071","0.00004849","0.1","-0.004378","-4.38","No","No","Staged SL: -26% from peak (2-10m)","3MuqXDKUoHL39iM6PmN13KuKJKjyeyUWfeouHBEeUXehRcTkYf9y2yg3hVBHiK99dmEsTN1xmLBX12Ats2WNQi5Q"
"Commissions","7PdyhzeLTDPGDxyimXM5frEXfHr88FxTF7UU69A6pump","10 Jun, 11:02 am","10 Jun, 11:03 am","1m","0.00002377","0.00001621","0.1","-0.031805","-31.80","No","No","Staged SL: -32% in first 2m","4jkPRC61jA33kyyn4nb19wwajwgGLjbThzfTRV6BervSgpzUBcBKMPbvabiydxLoPFp7CEVrvo2iJHxseXX3VaUA"
"NIGGERDOM","6UhNym2sRSsoNZFYJEvJ6HUNMceWxmaNs8NYUz8cpump","10 Jun, 10:57 am","10 Jun, 10:59 am","1m","0.00002803","0.00002209","0.1","-0.021192","-21.19","No","No","Staged SL: -21% in first 2m","j7P8co1mAK4pzktYhKixvpkNsdqEQS8FnGMTdUVNURCuiXQfje9qFKqAbQ84oEM8W6JpwARKuVBG9p6GBviM4Hk"
"Foxcoin","3tTcp8qQgBoA9Fxbn6YYi6DVyenpogygmSjjQ5Tipump","10 Jun, 10:11 am","10 Jun, 10:13 am","2m","0.00002531","0.00002326","0.1","-0.008100","-8.10","No","No","Staged SL: -26% from peak (2-10m)","FRMxyyxVqpWtmtT1DMkuZSjxvoMmRAQxoB67chRUcL53ksLN9m4CPWKNgDPM25NhWF5Q8xjfexQbGWJTmL82eFx"
"UAIM","DEnLqzmGAiGdw3vhkyC7p3wkPavv9ikWj6hUFH6Ypump","10 Jun, 10:04 am","10 Jun, 10:23 am","19m","0.00001721","0.00003369","0.1","0.117455","117.45","Yes","No","Staged SL: -52% from TP1 peak","3sUH9nRdRP6MuJhfW4jfwZEFB3fziGEzRDR34KMFdHyCtQC5ECjFocpUjWtsh5q3HKmmeu96ymXjoyhw7tS8LYSt"
"butthole","HhHVhJciFCFt2VrWZmvditGLmpgmau18RHVHw3JEpump","10 Jun, 09:56 am","10 Jun, 09:59 am","3m","0.00002373","0.00003312","0.1","0.039570","39.57","No","No","Staged SL: -28% from peak (2-10m)","44MTCvJrFV6gXPQqrzZ6b6FAeZBpd2pVVvvCVtSv3NTqxLtvWmRABz3Mg4AQ6KLbwxiAZgAs5SLCsnjDKbuS5du3"
"CLAUBBIT","HozuwMhSNNHhtQRpsomjqW6bMGn4Y3M8yw15FqPGpump","10 Jun, 09:44 am","10 Jun, 09:52 am","7m","0.0000216","0.00001655","0.1","-0.023380","-23.38","No","No","Staged SL: -41% from peak (2-10m)","4CQ2MNPqi6J6AsaBmvSdxetMJ6vTdLtgWwdv3rXyApcbjC9v8ndcUqbcXawjxaTYW4bGNw2DsoMnWq7KhqvJcRP1"
"CLAUBBIT","7YQAAb8ANwmiv4C9SXofAujuoAF5qskMyXJ8HH9dpump","10 Jun, 09:20 am","10 Jun, 09:28 am","7m","0.0000253","0.00002763","0.1","0.009209","9.21","No","No","Staged SL: -37% from peak (2-10m)","2C64W3Sv88GPhifGVdyRbCFKigXzoL4EW4boraLB74MHupZMz3LpEDZeeNKHMjfzQAN9rwc3a6cs5EdTv4dKfyBG"
"CERBY","5rEkWxPbgq2LVULyCcsGUUqopH7PxLy7mXmxagzepump","10 Jun, 08:41 am","10 Jun, 08:42 am","1m","0.00003385","0.00001493","0.1","-0.055894","-55.89","No","No","Staged SL: -56% in first 2m","4wSZmBtfYCcKWfZAxqKCRwExXFYcqjfAWUmLX9H8A67jX4Hg9WBZvyhEYF6pMTxaFPhSNZ9h9o2tPkibC7Gqscz6"
"CSI6900","Czizv6ciM5hdWfSVDv2CF7dhzzNf9xBZdYrMGgEcpump","10 Jun, 08:23 am","10 Jun, 08:24 am","1m","0.0000209","0.00001357","0.1","-0.035072","-35.07","No","No","Staged SL: -35% in first 2m","32UeRsvavNNCvKw4EwFTKDN9ouM8rPFrgmsBKakkKbWKH7fGrykjiMtWoQ4N3dqA5v1Ujkbq3HqnxfmBH2CR8nqW"
"CHANCE","JCKwsT8UAbygnFkZ7u3amDUM7BXRtwUhCsHQv2khpump","10 Jun, 07:49 am","10 Jun, 08:10 am","21m","0.00002368","0.0001731","0.1","0.346199","346.20","Yes","Yes","Trailing Stop (runner)","67ktcA2smGBihSoBMrouE1JdeGBku1sQREb7izmiJFq2P9LJQnvnTQ5RCB9GpduQ8twrHCxApfK3t3NKNY6EeFvT"
"FCUP","G7QY6CrjnUAkqfKuhTERHJR2qG6hiK5tEPeAjv5ipump","10 Jun, 07:24 am","10 Jun, 07:25 am","1m","0.00003118","0.00002397","0.1","-0.023124","-23.12","No","No","Staged SL: -23% in first 2m","N6RjZgdCioZaj6aXjLGLsWsKF9UbUtzTm3mcYoPRMJMUiacdQ75rBayLqMDwXK8epLv7VqT67Q2kFHQMgVYfJj8"
"elun","DyFJKGcEJHa8w9BASAHzPzXWDM3uq8UKt3iTHZX4pump","10 Jun, 06:52 am","10 Jun, 08:54 am","2h 1m","0.00005801","0.00005878","0.1","0.001327","1.33","No","No","Dead — No Momentum","xW7yuny43WzB5iaMkA29mbiqZFVLqNuFVmdLvuivRcJSijjSgSAtddLV18DSinbCRuXsLJVCwQVMxgwnpdM6ys8"
"ape","F4oHwNfU5igpZWcfBSW3RmPc2MbrJP4ZfhYe7zSQpump","10 Jun, 06:05 am","10 Jun, 06:13 am","8m","0.00005412","0.00004972","0.1","-0.008130","-8.13","No","No","Staged SL: -38% from peak (2-10m)","5PjkVomSdcwYdLbg7YShAj1FPSjrrP1JzzqFP17Ccq6fCBFcPmt7FjjAHsBquGEeoYXMSxvU7Css7eN2HEdEwMn9"
"LIZARD","8fUCxNf4LeheQLHAdi2qsufwLBDVQBtZoZVzCpEUpump","10 Jun, 06:03 am","10 Jun, 06:07 am","4m","0.00006306","0.00004088","0.1","-0.035173","-35.17","No","No","Staged SL: -37% from peak (2-10m)","3G5LSr7JgyZNCL8Q7BvVpz8K7hTrEyH9VU5DkPoZcntnSJhRxBH75LrgpinZBzPn2Q34rMctf2hKm2N7N1pKDKtL"
"CUBIKA","71htHq4cV5cezP8e6LmjbgXUECj8NaGLzU52mYMpump","10 Jun, 05:28 am","10 Jun, 05:35 am","7m","0.00002939","0.000003398","0.1","-0.088438","-88.44","No","No","Staged SL: -94% from peak (2-10m)","655D6PTzubiL4WrmWMArNnr9igfYq73fDmoqB12UVFqeRF4KoBKCbchMuZNaYYcFt6WMA7Tj4uZi7ciEwgsy5HMX"
"BER","8gjAsoB9s99VvknM9fCngjLQL1BJ4vU3oQRshRqipump","10 Jun, 04:18 am","10 Jun, 04:22 am","4m","0.00001684","0.000001039","0.1","-0.093830","-93.83","No","No","Staged SL: -97% from peak (2-10m)","J2pDMNtqud8GiDomXXcAQCUSzuuWkR4ESsTXTS8vtz9FpZ9o2nTvh9wbrkoMJYZDc4SHmJ7kqKuN6ictVajWmM5"
"BundleLess","FzTUk5y8VyJWHmXjLiaCqua7SKW2CBiqzdmbQqCRpump","10 Jun, 03:56 am","10 Jun, 04:03 am","6m","0.00002473","0.00001923","0.1","-0.022240","-22.24","No","No","Staged SL: -29% from peak (2-10m)","3b5S95HRCNtQkpSkdWe1KU4oYPUFsyVnkXXjfsDFz8jhxmnQTJjQrnjXQwZjBzNVPJ1Wbu5kHzau3juuRPBrb47f"
"GOFER","CiVBCNUfrgDDVgHtXrfUWgXuMhSsdSdho8e5uJnRpump","10 Jun, 03:39 am","10 Jun, 03:40 am","1m","0.00002914","0.0000187","0.1","-0.035827","-35.83","No","No","Staged SL: -36% in first 2m","3JBnZ2x1SHR7pmHhyCbVZJMAsXEkxkvw6kvYaTQqFPzfNNjTu7u46z34k7KC1QDwMCTQ9L5276TMjQfoifwGoKW9"
"bounty","3Shub4xfkb1ezmtVhjnxVpwYVNGkE2p7LBoUER3ipump","10 Jun, 03:27 am","10 Jun, 03:29 am","2m","0.00004874","0.00007433","0.1","0.052503","52.50","No","No","Staged SL: -27% from peak (2-10m)","3nLbfPJttNRSJdESZAyPFWpsv9RwjHWtdANDEBqHwX6yVgBkN92FhGLxLEWDgJSTDuF2sadJv22BsxSEMnDRZEga"
"shitsem","DmJBSHkGaNk1KGVfUodGFGzZWarc4yN3YCeexXF9pump","10 Jun, 02:47 am","10 Jun, 02:49 am","1m","0.00001483","0.000002044","0.1","-0.086217","-86.22","No","No","Staged SL: -86% in first 2m","64Brs8NGS9xPyw4Yabs1NvUuXdXJ1K4wDKJdSGTfCC9NMFGcSVzGojePGpupnaRAzLHCboCyaojuMi1gpRuLvXwW"
"Elf","DAW7qFqQ4jnWeVPgzeNZzEKgxWr9nNXo7dKSZPQ1pump","10 Jun, 02:45 am","10 Jun, 02:47 am","1m","0.00002241","0.00001049","0.1","-0.053191","-53.19","No","No","Staged SL: -53% in first 2m","6UdZMSmb8AVn3E8r6EXNDn94fNV3jeuZt326ps7biEhCmzamSkD9zMRK4iEoiZjtouyHdYnzXRM3XERXbvqnGrp"
"Fox","D5MZMfvPvh21XtxntBAiL5uDE7Kag41rwNaR2Tihpump","10 Jun, 02:06 am","10 Jun, 02:11 am","4m","0.00001441","0.00002412","0.1","0.100430","100.43","Yes","No","Staged SL: -37% from TP1 peak","5eFYYaSpifEV49AZ8n1tzR5qhsJbHEToytWX3RcTfQmBbamrgBZ8LsFqZCPBLUz98QRnvoe4SJ4Bpw3YqhUZBsVt"
"ODYSSEY","mudscr6kndkX5eyKyxfPPy2xSnnbA55tjQWe6GPpump","10 Jun, 02:05 am","10 Jun, 02:06 am","1m","0.00001061","0.000002078","0.1","-0.080415","-80.41","No","No","Staged SL: -80% in first 2m","Di5snasZNT8JMAt5b9XAJW86UECWhuqDShc2WHCnEFUJaENnZ3FZcFaMBMT92gETh9g44QaFWvuWyie2gYZAaQb"
"Godzilla","uaeY9NBLS8cKKB6jxoF1ctUi6dMR97y2ASEUGXZpump","10 Jun, 01:56 am","10 Jun, 01:57 am","1m","0.00002502","0.00001527","0.1","-0.038969","-38.97","No","No","Staged SL: -39% in first 2m","61ouUZUiH55MxtCYhXjGsoZfaPrDEDkCgThmMjtmZBahLGAUbk61pzzdb7dVGpjtREk7FXZ6qLeTggaRadh5FH9D"
"Dooris","8JJPHwcFJx1WT9RW6qxquY3S7zn2P5rsTwGg2HoApump","10 Jun, 01:36 am","10 Jun, 01:39 am","2m","0.00002326","0.00003107","0.1","0.033577","33.58","No","No","Staged SL: -35% from peak (2-10m)","i4bswUwiNxhRaVWPUMADLAe747wzd5bvykWPbHBZhbjHbu3tp6Q2a9Y6mZqkhxTZJAQpSKcikmThgnFAz6yn187"
"STEPHEN","BqsjiHzTEwtVKprPPMBLPwtUNikWPHXmoUWVfoK7pump","10 Jun, 01:22 am","10 Jun, 01:30 am","7m","0.00002488","0.0000169","0.1","-0.032074","-32.07","No","No","Staged SL: -32% from peak (2-10m)","33TpGfUJDwYY6d5XaW3ANnXn9rM7WLJkzqo51GYQxZGpnfx23mBaFqZQ9bxYrVnVUaeL2wTTTaaGQGtRbEmkeztz"
"Signal","EATBuzLVpshAtP7B8uWuwgcBPz3SYg6zsNLMZ9YLpump","10 Jun, 01:03 am","10 Jun, 01:05 am","2m","0.00002057","0.000002262","0.1","-0.089003","-89.00","No","No","Staged SL: -91% from peak (2-10m)","5iXToJNHjoQYWqAyUYHvKvqNL5vMK9CQSDGtp64tCYbpBCKAm8L97rg4CRMCc3rXMgA1q33wdXin97CEuRESPUzu"
"NEURALESE","9fz97Njd5N9nysYLg8KV4Rq8ZXpgMBMTDBCNNP9xqhA1","10 Jun, 12:50 am","10 Jun, 12:52 am","2m","0.00003513","0.00002673","0.1","-0.023911","-23.91","No","No","Staged SL: -37% from peak (2-10m)","377smU2xfjhnEh45evoyp5MkNfbCjPkr7SQn7L5wmzLMxzLNdxfegFXi1eQVT7a8MCADaq6UQoDJBtgHcoop3tSk"
"POKE","8Uu1dSAwKPVVSVYU5HT76TnR9Q5TXWREYmBHzyUypump","10 Jun, 12:33 am","10 Jun, 12:43 am","9m","0.00001849","0.00002037","0.1","0.010168","10.17","No","No","Staged SL: -43% from peak (2-10m)","7jPGySJPDCa47TtHGdL9CKoRYpNtLpfputNGFSih6abMqHH4AG4tp7Y2a9prRVbGHQLBqDYT3XuPe58u6nC2Rwo"
"Puffy","3vYrnhSzsc3QDaXqeDBiBSALepAC5QajYDoubAyKpump","10 Jun, 12:24 am","10 Jun, 12:39 am","14m","0.00005769","0.00004773","0.1","-0.017265","-17.26","No","No","Staged SL: -41% from peak (>10m)","2uNtvoWbivimtYzTgfGWCVd64BTGcFMPxm8wNmLUtpJyX8DswGbjJuwfXEgdkHDa6N9LGM31UP69xUvLEXzwcFCW"
"TRUMPCHUA","8ePfqBNuBGRWgU6yNq5xtvXjQeQdPiRKfszn8fwLpump","9 Jun, 10:53 pm","9 Jun, 10:55 pm","1m","0.00001746","0.00001192","0.1","-0.031730","-31.73","No","No","Staged SL: -32% in first 2m","oFDes95a3tqFbmz6AHKivC1Xsu5bFcXwf1ez5hoLRUWbEMXh1S3bVvWemziDGakheN1ALwqQaZq2PENbJFLtqEp"
"Slop","EVY4xJ3ytMHa77sjgs2uVj7fgXj1ha98QSQxPadApump","9 Jun, 10:44 pm","9 Jun, 10:46 pm","2m","0.00003283","0.00002943","0.1","-0.010356","-10.36","No","No","Staged SL: -29% from peak (2-10m)","2HkDpYjuyDfTedhoJAJXjmmdtMvSf5AhKEYHJeQuCmBdSxzCL5HW8fo2nm2SWC6x4JdUbDy58CfTsnZNyv2CuroF"
"EXPLOIT","E6wooXoQcRDK1NVm7gXy1MGPThAaDjv9vZQTzVkruGKt","9 Jun, 10:36 pm","9 Jun, 10:40 pm","4m","0.00001744","0.00003323","0.1","0.114323","114.32","Yes","No","Staged SL: -40% from TP1 peak","2Ai9vC9x6J6vFvmzNvXsZribzUC62JGgFit3a8ZRFPBnQxDeWKfy5vFUcWWqU1R6bLmBVaa8MgyyZ8SFoS6eMxx2"
"MOSAIC","6VotjDtQgqEKCjzyYSNzarHUJvTwVK4tvr1iCYUhpump","9 Jun, 10:09 pm","9 Jun, 10:13 pm","3m","0.00002812","0.00004496","0.1","0.095932","95.93","Yes","No","Staged SL: -43% from TP1 peak","3bN3eLWtYpQ1Xk24dJsaKPU2HfKFRRoJzQipPHcyaz8JCiTfeJ5sti8fkGYHHFB244gzuDqgks5Rnw9HkCcrW1B5"
"BALTAZAR","5nSGsbsNZkHWxhiXgobYnwr1RnrKZrXTSm7sU6Gcpump","9 Jun, 10:00 pm","9 Jun, 10:03 pm","3m","0.00002065","0.00002136","0.1","0.003438","3.44","No","No","Staged SL: -58% from peak (2-10m)","non3XVm3hewLKwHBfkBxW5Zq5TSRbAeZj6oWtk2jjTCRNUqmvfpGXdbYKLZ8bzLSVtY6uTAVrJXknDcJYuJ38c5"
"JACKASS","8Rj7HQGoeHrescBvDvyuv5cskeBFDGV82j6jZVDnpump","9 Jun, 09:48 pm","9 Jun, 09:52 pm","3m","0.00002551","0.00002024","0.1","-0.020659","-20.66","No","No","Staged SL: -27% from peak (2-10m)","52CQZ4M26JJPcuQyFumGLgWgwXZo8qSG2tcBSt1kePDcH2yNytRJBJVN52PZdsRBPGiWYCg5KSpEkF8SfZwDbWrH"
"JINJAI","Fbmzs28XYp4eiKUDp6ANUx9xPiuonRUGoXi7PoEFpump","9 Jun, 09:02 pm","9 Jun, 09:02 pm","24s","0.00002527","0.00001916","0.1","-0.024179","-24.18","No","No","Staged SL: -24% in first 2m","3qCnpKeYQptFxbSex7SfM5fxY6ZvxLrtu5CzE1fZePB74qrRtrXGB6TFxMwBdrhhpsJNaTNB4kDzkvuEQatjVeKS"
"Billy","3ne9QxYRHybHK1LVmtEG8rH7L6nJ56W8KVWeB8ZGpump","9 Jun, 08:46 pm","9 Jun, 09:10 pm","23m","0.00005877","0.00008945","0.1","0.092122","92.12","Yes","No","Staged SL: -40% from TP1 peak","4DQp4w4qfQmi6wQ45D6fS1rcAT3muxuii2xno6pvTzUhpnSdaazBCRq1YLBuPZd73yD1UTzDr4JxFNmqHPLXzwUq"
"Kortix","Bcw43xfqVESCvuurTfpu3JWLcxtESJ8zsu42u6nGpump","9 Jun, 08:25 pm","9 Jun, 08:31 pm","5m","0.00002221","0.00002258","0.1","0.001666","1.67","No","No","Staged SL: -26% from peak (2-10m)","PjiDeV7dRDHbea2dJEDKsFDNcNnrr1zJZ6WjhkTXjF6TkDiwabaUZXyL5uL2fHuSc4Uoh8LPytrg2754em6Tr7h"
"Grumpy","GuCLvfLz7eScPcUrTEeMPrqB7NJV35AG4GnzbQdLpump","9 Jun, 08:10 pm","9 Jun, 08:16 pm","5m","0.00005602","0.00004161","0.1","-0.025723","-25.72","No","No","Staged SL: -26% from peak (2-10m)","4Lm9Ni8ptjewmRmqkLCRgopVjrdGe2otYLJbXjoAjuStJM8bBzQWjVBbsyvGVTJyRqJbnL6tiPPH5fSyuyXtsLRh"
"whatdatmean","3y4mZq8ebDxXSCffryGJgnTqQ9JCQeWA1kQR2aipWswm","9 Jun, 07:40 pm","9 Jun, 07:45 pm","4m","0.00002371","0.00001498","0.1","-0.036820","-36.82","No","No","Staged SL: -39% from peak (2-10m)","5bzqS7CgcD1Jj1xVq2uC2uBqPYoaqYZzj3B2sRAMRn6VzkREE4Pmba4DeeuxNSgX3uoRr5SMUJkgukg99p64XyG2"
"BLACKCHUA","4QtU5nBR9pPTVcVPPZqBAzimGjzt9CWR4x5UwCmvpump","9 Jun, 07:36 pm","9 Jun, 07:39 pm","3m","0.0000353","0.00001605","0.1","-0.054533","-54.53","No","No","Staged SL: -60% from peak (2-10m)","2bZv28FGpEStt59KNC8TyBNT5bcpwCpnz7nBto8SeqTnnXYvGuofr6RYJ9aWz9cKuyGTpTaLy6MwQua1NAKkYQYx"
"KINCHUA","HDgWvYW4JUM4wy1EmMYCsPyYQ7HDURiF93KfJSqnpump","9 Jun, 07:08 pm","9 Jun, 07:08 pm","21s","0.00003646","0.00001876","0.1","-0.048546","-48.55","No","No","Staged SL: -49% in first 2m","5aRTnGpY2PgepaZAHmPHkNsWDq4zJZjyY2H16ZjiuLWFU13uwZE1hAbd2WcDrmQHqApDAhyJjLu72ug6EpfQEvS"
"OP48DEV","Fg2HSddyqycQ7GzEC53zqaTk9qrahnv8Bc2rZgwnpump","9 Jun, 06:56 pm","9 Jun, 07:02 pm","5m","0.00002485","0.0000291","0.1","0.017103","17.10","No","No","Staged SL: -29% from peak (2-10m)","3VcZHHWmv2Fu5QxsUuwnEkuVy7wbNaqsbJYhgqs6u8TJJHvnLaDkZj2AzYknDrDGGs4nvjJf3Wwh7nu8JSEw9Pwr"
"MAITIU","7Pk14rpgjCFDtSMbN9RKAp6wZUJ2YHQdAaniPfPhpump","9 Jun, 06:38 pm","9 Jun, 06:47 pm","8m","0.0000281","0.00004428","0.1","0.057580","57.58","No","No","Staged SL: -26% from peak (2-10m)","31urwo8GDBecuZZ17ZntxwRFP4FzHPivuQt8RGXUY985jRJf74CEvKALWGjzZCsYHHBZsAyJ9QygLpx3ezabqvoe"
"Freedom","C1AuNAh9558PXrS9MzVBUptBaADvALELrRSsWEgWpump","9 Jun, 06:03 pm","9 Jun, 06:47 pm","43m","0.0000312","0.000001471","0.1","-0.095285","-95.29","No","No","Liquidity Rug: -78% in 30s","7CYpAVUWgqu3Rd2xkae9UGaLGpH63qwgRHFknXZruopT2R5aDuENuJi4RfQGy7P3Dq2eezbsA82ZFGk71P7FGRo"
"PURGE","GL5FeKhKP7yZptxdFp8Tb36qSeHoCJyr5oG4JLBTpump","9 Jun, 05:36 pm","9 Jun, 05:56 pm","19m","0.00002172","0.00004367","0.1","0.123343","123.34","Yes","No","Staged SL: -39% from TP1 peak","5xdL2Z65xLu8dHFy8pGAwo3EV4bi5qpui2pLvrJqaeTPE6uRxS2opQDVgLhFo2vNTFdMT4vV5A3NbV4vbihrNYzc"
"Hachi","EykG1EFLxGkWAYjrfiF7Pysoj6xje6wkSf8qPLFapump","9 Jun, 04:59 pm","9 Jun, 05:26 pm","26m","0.00005758","0.00005077","0.1","-0.011827","-11.83","No","No","Staged SL: -30% from peak (>10m)","4JnefMdYG4XF3WJ7LgvVDDuVh4dEHsibqadRUMrQd99468N2vkAHA8xbvDzQbtceNP7QaaYjfWFbY6YWDZttg8T8"